Title,Author,Rating,IMG_URL
ნორვეგიული დღიური,"Kikodze, Archil",4.39,https://i.gr-assets.com/images/S/compressed.photo.goodreads.com/books/1601152911l/55462822._SX50_.jpg
შავი ჭირი,"Camus, Albert",4.02,https://i.gr-assets.com/images/S/compressed.photo.goodreads.com/books/1342890783l/15763365._SX50_.jpg
კარი კედელში,"Wells, H.G.",3.85,https://i.gr-assets.com/images/S/compressed.photo.goodreads.com/books/1568016061l/52906708._SX50_SY75_.jpg
კანიბალიადა,"Bakhsoliani, Misha",3.73,https://i.gr-assets.com/images/S/compressed.photo.goodreads.com/books/1575713741l/49119248._SY75_.jpg
"მკვლელობები ანბანის მიხედვით
        (Hercule Poirot, #13)","Christie, Agatha",4.03,https://i.gr-assets.com/images/S/compressed.photo.goodreads.com/books/1614343489l/57214326._SX50_.jpg
"Fire Falling
        (Air Awakens, #2)","Kova, Elise",4.18,https://i.gr-assets.com/images/S/compressed.photo.goodreads.com/books/1440388938l/26047438._SY75_.jpg
"რესტორანი სამყაროს დასალიერში
        (Hitchhiker's Guide to the Galaxy, #2)","Adams, Douglas",4.21,https://i.gr-assets.com/images/S/compressed.photo.goodreads.com/books/1525677990l/40053753._SX50_.jpg
"Air Awakens
        (Air Awakens, #1)","Kova, Elise",4.01,https://i.gr-assets.com/images/S/compressed.photo.goodreads.com/books/1432967839l/23127048._SY75_.jpg
"აქ და ახლა - წერილები
        (2008-2011)","Coetzee, J.M.",3.78,https://i.gr-assets.com/images/S/compressed.photo.goodreads.com/books/1361802534l/17415615._SX50_.jpg
ჩინური დღიური,"Archvadze, Koka",3.00,https://i.gr-assets.com/images/S/compressed.photo.goodreads.com/books/1565350281l/51073608._SX50_SY75_.jpg
სამგვარი სიყვარული,"Tsereteli, Akaki",3.65,https://i.gr-assets.com/images/S/compressed.photo.goodreads.com/books/1570640373l/50845373._SX50_SY75_.jpg
ჩაკლული სული,"Robakidze, Grigol",4.30,https://i.gr-assets.com/images/S/compressed.photo.goodreads.com/books/1354208238l/16179923._SX50_.jpg
Fear,"Zweig, Stefan",4.15,https://i.gr-assets.com/images/S/compressed.photo.goodreads.com/books/1328692495l/6907482._SX50_.jpg
ყინულის დრაკონი,"Martin, George R.R.",3.76,https://i.gr-assets.com/images/S/compressed.photo.goodreads.com/books/1530103189l/40655535._SY75_.jpg
უსიერ ტყეში,"Akutagawa, Ryūnosuke",4.49,https://i.gr-assets.com/images/S/compressed.photo.goodreads.com/books/1329833910l/13494508._SX50_.jpg
რა შეემთხვა ღამით ძაღლს და სხვა უცნაური ამბები,"Haddon, Mark",3.89,https://i.gr-assets.com/images/S/compressed.photo.goodreads.com/books/1463492475l/30214494._SY75_.jpg
მთელი ზაფხული ერთ დღეში,"Bradbury, Ray",4.17,https://i.gr-assets.com/images/S/compressed.photo.goodreads.com/books/1451126592l/28353910._SX50_.jpg
მოხუცების ადგილი აქ არ არის,"McCarthy, Cormac",4.12,https://i.gr-assets.com/images/S/compressed.photo.goodreads.com/books/1412239906l/23297008._SY75_.jpg
"ჰიჩჰაიკერის გზამკვლევი გალაქტიკაში
        (Hitchhiker's Guide to the Galaxy, #1)","Adams, Douglas",4.22,https://i.gr-assets.com/images/S/compressed.photo.goodreads.com/books/1489319119l/34536609._SX50_.jpg
გოგონები,"Cline, Emma",3.49,https://i.gr-assets.com/images/S/compressed.photo.goodreads.com/books/1525199323l/40018892._SX50_.jpg
უცხო,"Camus, Albert",4.00,https://i.gr-assets.com/images/S/compressed.photo.goodreads.com/books/1358720078l/17264118._SY75_.jpg
ანტიგონე,"Anouilh, Jean",3.79,https://i.gr-assets.com/images/S/compressed.photo.goodreads.com/books/1579641129l/50618893._SX50_.jpg
შელოცვა რადიოთი,"Lortkipanidze, Niko",4.23,https://s.gr-assets.com/assets/nophoto/book/50x75-a91bf249278a81aabab721ef782c4a74.png
"ანტიგონე
        (The Theban Plays, #3)",Sophocles,3.67,https://i.gr-assets.com/images/S/compressed.photo.goodreads.com/books/1575373143l/49082876._SX50_.jpg
"მე, რობოტი...","Asimov, Isaac",4.21,https://i.gr-assets.com/images/S/compressed.photo.goodreads.com/books/1448652214l/27997953._SX50_.jpg
"ოიდიპოს მეფე
        (The Theban Plays, #1)",Sophocles,3.72,https://i.gr-assets.com/images/S/compressed.photo.goodreads.com/books/1573015700l/48716966._SX50_.jpg
ლეგენდა მძინარე ხეობაზე,"Irving, Washington",3.72,https://i.gr-assets.com/images/S/compressed.photo.goodreads.com/books/1519120315l/38643008._SX50_.jpg
ბენჯამინ ბატონის უცნაური ამბავი,"Fitzgerald, F. Scott",3.57,https://i.gr-assets.com/images/S/compressed.photo.goodreads.com/books/1515227414l/33801237._SY75_.jpg
იატაკქვეშეთის ჩანაწერები,"Dostoevsky, Fyodor",4.17,https://i.gr-assets.com/images/S/compressed.photo.goodreads.com/books/1455826100l/29219903._SX50_.jpg
ყოფის აუტანელი სიმსუბუქე,"Kundera, Milan",4.11,https://i.gr-assets.com/images/S/compressed.photo.goodreads.com/books/1362311341l/17456841._SX50_.jpg
ჰამლეტი,"Shakespeare, William",4.03,https://i.gr-assets.com/images/S/compressed.photo.goodreads.com/books/1466177893l/30638695._SX50_.jpg
კრძალვითა და ცახცახით,"Nothomb, Amélie",3.73,https://i.gr-assets.com/images/S/compressed.photo.goodreads.com/books/1331120349l/13515544._SY75_.jpg
ლამბალო და ყაშა,"Javakhishvili, Mikheil",4.48,https://s.gr-assets.com/assets/nophoto/book/50x75-a91bf249278a81aabab721ef782c4a74.png
"არიადნა, ალუბლის ბაღი
        (ტომი #2)","Chekhov, Anton",4.25,https://i.gr-assets.com/images/S/compressed.photo.goodreads.com/books/1571853571l/48564341._SX50_.jpg
ლემუელ გულივერის მოგზაურობა. კასრის ზღაპარი,"Swift, Jonathan",3.58,https://i.gr-assets.com/images/S/compressed.photo.goodreads.com/books/1444664713l/17227915._SX50_.jpg
Pigmalion,"Shaw, George Bernard",3.89,https://i.gr-assets.com/images/S/compressed.photo.goodreads.com/books/1330971179l/13512426._SY75_.jpg
"განადგურების ბრძანება
        (The Maze Runner #4)","Dashner, James",3.71,https://i.gr-assets.com/images/S/compressed.photo.goodreads.com/books/1512635346l/33842581._SX50_.jpg
უცნობი ქალის წერილი,"Zweig, Stefan",4.12,https://i.gr-assets.com/images/S/compressed.photo.goodreads.com/books/1316851884l/12708325._SX50_.jpg
მოხუცი და ზღვა,"Hemingway, Ernest",3.79,https://i.gr-assets.com/images/S/compressed.photo.goodreads.com/books/1474644730l/32186960._SY75_.jpg
როგორ გავხდი იდიოტი,"Page, Martin",3.39,https://i.gr-assets.com/images/S/compressed.photo.goodreads.com/books/1386578212l/19307397._SY75_.jpg
ვამპირული ომები: სიკვდილის მიღმა,"Davies, Katie Ruth",4.31,https://i.gr-assets.com/images/S/compressed.photo.goodreads.com/books/1530105878l/40655722._SY75_.jpg
ცხოველების ფერმა,"Orwell, George",3.97,https://i.gr-assets.com/images/S/compressed.photo.goodreads.com/books/1313953244l/12406793._SX50_.jpg
შაგრენის ტყავი,"Balzac, Honoré de",3.82,https://i.gr-assets.com/images/S/compressed.photo.goodreads.com/books/1490030009l/32485472._SX50_.jpg
ბიძია თომას ქოხი,"Stowe, Harriet Beecher",3.89,https://i.gr-assets.com/images/S/compressed.photo.goodreads.com/books/1486374723l/34136398._SX50_.jpg
პაპა დიმო,"Javakhishvili, Mikheil",4.54,https://i.gr-assets.com/images/S/compressed.photo.goodreads.com/books/1451980437l/28453629._SY75_.jpg
მაგდანას ლურჯა,"Gabashvili, Ekaterine",3.58,https://i.gr-assets.com/images/S/compressed.photo.goodreads.com/books/1306235442l/11445885._SY75_.jpg
ბურატინოს თავგადასავალი,"Tolstoy, Aleksey Nikolayevich",4.05,https://i.gr-assets.com/images/S/compressed.photo.goodreads.com/books/1466015328l/30628008._SX50_.jpg
ვამპირული ომები: აღსრულება,"Davies, Katie Ruth",4.31,https://i.gr-assets.com/images/S/compressed.photo.goodreads.com/books/1497556697l/35441963._SY75_.jpg
ვამპირული ომები: მეორე სიცოცხლე,"Davies, Katie Ruth",4.22,https://i.gr-assets.com/images/S/compressed.photo.goodreads.com/books/1447246685l/27799710._SY75_.jpg
"ელფების სისხლი
        (მხედვარი, #3)","Sapkowski, Andrzej",4.10,https://i.gr-assets.com/images/S/compressed.photo.goodreads.com/books/1468405038l/31111607._SX50_.jpg
"მეტრო 2033
        (METRO, #1)","Glukhovsky, Dmitry",4.00,https://i.gr-assets.com/images/S/compressed.photo.goodreads.com/books/1452681474l/25606033._SY75_.jpg
"უკანასკნელი სურვილი
        (მხედვარი, #1)","Sapkowski, Andrzej",4.14,https://i.gr-assets.com/images/S/compressed.photo.goodreads.com/books/1433630919l/25678164._SX50_.jpg
ენდერის თამაში,"Card, Orson Scott",4.30,https://i.gr-assets.com/images/S/compressed.photo.goodreads.com/books/1452531393l/28512282._SX50_.jpg
"შუშის ტახტი
        (Throne of Glass, #1)","Maas, Sarah J.",4.19,https://i.gr-assets.com/images/S/compressed.photo.goodreads.com/books/1496659252l/33123765._SX50_.jpg
დორიან გრეის პორტრეტი,"Wilde, Oscar",4.10,https://i.gr-assets.com/images/S/compressed.photo.goodreads.com/books/1430326029l/25450922._SY75_.jpg
მესამე გოგონა,"Christie, Agatha",3.68,https://i.gr-assets.com/images/S/compressed.photo.goodreads.com/books/1466020459l/30628429._SX50_.jpg
ემილის თავგადასავალი,"Lindgren, Astrid",4.32,https://i.gr-assets.com/images/S/compressed.photo.goodreads.com/books/1486451472l/34166327._SX50_.jpg
მოგზაურობა დედამიწის ცენტრისაკენ,"Verne, Jules",3.86,https://s.gr-assets.com/assets/nophoto/book/50x75-a91bf249278a81aabab721ef782c4a74.png
ძმები ლომგულები,"Lindgren, Astrid",4.34,https://i.gr-assets.com/images/S/compressed.photo.goodreads.com/books/1458562811l/29566017._SX50_.jpg
ბნელი მატერია,"Crouch, Blake",4.12,https://i.gr-assets.com/images/S/compressed.photo.goodreads.com/books/1544597557l/43202797._SX50_.jpg
The Fall of the House of Usher - an Edgar Allan Poe Short Story,"Poe, Edgar Allan",3.93,https://i.gr-assets.com/images/S/compressed.photo.goodreads.com/books/1387708966l/175516._SY75_.jpg
ვეფხისტყაოსანი [Vepkhistqaosani],"Rustaveli, Shota",4.62,https://i.gr-assets.com/images/S/compressed.photo.goodreads.com/books/1393344445l/17227753._SX50_.jpg
მკვლელობა აღმოსავლეთის ექსპრესში,"Christie, Agatha",4.19,https://i.gr-assets.com/images/S/compressed.photo.goodreads.com/books/1466019394l/30628352._SX50_.jpg
ამოკით შეპყრობილი,"Zweig, Stefan",4.11,https://s.gr-assets.com/assets/nophoto/book/50x75-a91bf249278a81aabab721ef782c4a74.png
სხვისი ცოლი და ქმარი საწოლქვეშ,"Dostoevsky, Fyodor",3.08,https://i.gr-assets.com/images/S/compressed.photo.goodreads.com/books/1538501825l/42117869._SX50_.jpg
დიდრო,"Dumbadze, Nodar",4.46,https://s.gr-assets.com/assets/nophoto/book/50x75-a91bf249278a81aabab721ef782c4a74.png
ბახტრიონი,Vazha-Pshavela,4.18,https://i.gr-assets.com/images/S/compressed.photo.goodreads.com/books/1494440526l/35110150._SX50_.jpg
ფეხებზე დაკიდების ნატიფი ხელოვნება: ბედნიერების მიღწევის პარადოქსები,"Manson, Mark",3.91,https://i.gr-assets.com/images/S/compressed.photo.goodreads.com/books/1585031239l/52662547._SY75_.jpg
ოზის ჯადოქარი,"Baum, L. Frank",3.99,https://i.gr-assets.com/images/S/compressed.photo.goodreads.com/books/1431027393l/25500707._SX50_.jpg
კაენი,"Saramago, José",3.95,https://i.gr-assets.com/images/S/compressed.photo.goodreads.com/books/1520956889l/39215279._SY75_.jpg
თოლია ჯონათან ლივინგსტონი,"Bach, Richard",3.85,https://i.gr-assets.com/images/S/compressed.photo.goodreads.com/books/1455841937l/29221246._SY75_.jpg
გარდასახვა,"Kafka, Franz",4.50,https://i.gr-assets.com/images/S/compressed.photo.goodreads.com/books/1457549132l/29471726._SX50_.jpg
1984,"Orwell, George",4.19,https://i.gr-assets.com/images/S/compressed.photo.goodreads.com/books/1348990566l/5470._SY75_.jpg
ნასესხები სიცოცხლე,"Remarque, Erich Maria",4.26,https://i.gr-assets.com/images/S/compressed.photo.goodreads.com/books/1521297082l/25896197._SX50_.jpg
დარისპანის გასაჭირი,"Kldiashvili, David",3.81,https://i.gr-assets.com/images/S/compressed.photo.goodreads.com/books/1495053161l/35161738._SX50_.jpg
გოგოთურ და აფშინა,Vazha-Pshavela,3.50,https://i.gr-assets.com/images/S/compressed.photo.goodreads.com/books/1477339039l/32736953._SY75_.jpg
სტუმარ მასპინძელი,Vazha-Pshavela,4.63,https://i.gr-assets.com/images/S/compressed.photo.goodreads.com/books/1648113067l/15796357._SX50_.jpg
ალუდა ქეთელაური,Vazha-Pshavela,4.70,https://i.gr-assets.com/images/S/compressed.photo.goodreads.com/books/1474628323l/32185926._SX50_.jpg
ადამიანთა სევდა,Goderdzi Chokheli,4.63,https://i.gr-assets.com/images/S/compressed.photo.goodreads.com/books/1390665045l/17213098._SX50_.jpg
ნინოშვილის 25,"Tchanturia, Ilia",4.27,https://i.gr-assets.com/images/S/compressed.photo.goodreads.com/books/1545148544l/43262765._SY75_.jpg
"აქ ხარ, ღმერთო? ეს მე ვარ, მარგარეტი","Blume, Judy",3.91,https://i.gr-assets.com/images/S/compressed.photo.goodreads.com/books/1432668235l/25605793._SY75_.jpg
შავი წყალი,"Oates, Joyce Carol",3.54,https://i.gr-assets.com/images/S/compressed.photo.goodreads.com/books/1401704959l/22391637._SX50_.jpg
მე და შენ,"Ammaniti, Niccolò",3.56,https://i.gr-assets.com/images/S/compressed.photo.goodreads.com/books/1575538026l/49100453._SY75_.jpg
ბოშური რომანსერო,"García Lorca, Federico",4.17,https://i.gr-assets.com/images/S/compressed.photo.goodreads.com/books/1578685020l/50388695._SX50_.jpg
მატეო ფალკონე,"Mérimée, Prosper",3.73,https://i.gr-assets.com/images/S/compressed.photo.goodreads.com/books/1457448659l/29452311._SX50_.jpg
თაგვებსა და ადამიანებზე,"Steinbeck, John",3.88,https://i.gr-assets.com/images/S/compressed.photo.goodreads.com/books/1443707640l/26846529._SX50_.jpg
ხიდი ტერაბითიაში,"Paterson, Katherine",4.02,https://i.gr-assets.com/images/S/compressed.photo.goodreads.com/books/1424972407l/25025887._SX50_.jpg
"ბედისწერის მახვილი
        (მხედვარი, #2)","Sapkowski, Andrzej",4.28,https://i.gr-assets.com/images/S/compressed.photo.goodreads.com/books/1448740030l/28004122._SX50_.jpg
პროცესი,"Kafka, Franz",3.96,https://i.gr-assets.com/images/S/compressed.photo.goodreads.com/books/1414177392l/23443962._SY75_.jpg
წყვდიადის მარცხენა ხელი,"Le Guin, Ursula K.",4.09,https://i.gr-assets.com/images/S/compressed.photo.goodreads.com/books/1432926508l/25626455._SX50_.jpg
გამზრდელი,"Tsereteli, Akaki",4.55,https://s.gr-assets.com/assets/nophoto/book/50x75-a91bf249278a81aabab721ef782c4a74.png
MOX,"Samniashvili, Dato",4.23,https://i.gr-assets.com/images/S/compressed.photo.goodreads.com/books/1492004171l/34844840._SY75_.jpg
"რაზე ვლაპარაკობთ, როცა სიყვარულზე ვლაპარაკობთ ხოლმე","Carver, Raymond",4.11,https://i.gr-assets.com/images/S/compressed.photo.goodreads.com/books/1508827073l/36467343._SY75_.jpg
ყორანი და სხვა ლექსები,"Poe, Edgar Allan",4.30,https://i.gr-assets.com/images/S/compressed.photo.goodreads.com/books/1562406017l/51037572._SX50_SY75_.jpg
გურული დღიურები,"Kekelidze, Giorgi",3.42,https://i.gr-assets.com/images/S/compressed.photo.goodreads.com/books/1431751246l/23547999._SY75_.jpg
ნორვეგიული ტყე,"Murakami, Haruki",4.03,https://i.gr-assets.com/images/S/compressed.photo.goodreads.com/books/1432727239l/25609721._SX50_.jpg
"მე, ბებია, ილიკო და ილარიონი","Dumbadze, Nodar",4.55,https://i.gr-assets.com/images/S/compressed.photo.goodreads.com/books/1340911306l/15726695._SX50_.jpg
მე ვხედავ მზეს,"Dumbadze, Nodar",4.35,https://i.gr-assets.com/images/S/compressed.photo.goodreads.com/books/1448380206l/22908671._SX50_.jpg
ბაკულას ღორები,"Kldiashvili, David",3.84,https://i.gr-assets.com/images/S/compressed.photo.goodreads.com/books/1494430710l/24759416._SX50_.jpg
შავი კატა,"Poe, Edgar Allan",4.04,https://i.gr-assets.com/images/S/compressed.photo.goodreads.com/books/1474640692l/32186663._SY75_.jpg
დარაჯები,"Moore, Alan",4.37,https://i.gr-assets.com/images/S/compressed.photo.goodreads.com/books/1521989948l/39468901._SX50_.jpg
დედის რძე,"Ikstena, Nora",4.31,https://i.gr-assets.com/images/S/compressed.photo.goodreads.com/books/1546034747l/43384981._SX50_.jpg
თვინიერი,"Dostoevsky, Fyodor",4.35,https://i.gr-assets.com/images/S/compressed.photo.goodreads.com/books/1325235768l/13340092._SX50_.jpg
Romeo and Juliet,"Shakespeare, William",3.75,https://i.gr-assets.com/images/S/compressed.photo.goodreads.com/books/1629680008l/18135._SY75_.jpg
მეტისმეტად ხმაურიანი მარტოობა,"Hrabal, Bohumil",4.02,https://i.gr-assets.com/images/S/compressed.photo.goodreads.com/books/1481183276l/33289202._SX50_.jpg
კილიმანჯაროს თოვლიანი მთა,"Hemingway, Ernest",3.85,https://i.gr-assets.com/images/S/compressed.photo.goodreads.com/books/1458472482l/29558441._SX50_.jpg
Notes on Nationalism,"Orwell, George",4.02,https://i.gr-assets.com/images/S/compressed.photo.goodreads.com/books/1522454516l/39339934._SX50_.jpg
The Distance of the Moon,"Calvino, Italo",3.90,https://i.gr-assets.com/images/S/compressed.photo.goodreads.com/books/1519387686l/36436072._SX50_.jpg
Of Dogs and Walls,"Tsushima, Yūko",3.66,https://i.gr-assets.com/images/S/compressed.photo.goodreads.com/books/1517680170l/36436102._SX50_.jpg
დედამიწიდან მთვარემდე,"Verne, Jules",3.78,https://s.gr-assets.com/assets/nophoto/book/50x75-a91bf249278a81aabab721ef782c4a74.png
Around the World in Eighty Days,"Verne, Jules",3.94,https://i.gr-assets.com/images/S/compressed.photo.goodreads.com/books/1308815551l/54479._SY75_.jpg
საიდუმლო კუნძული,"Verne, Jules",4.12,https://s.gr-assets.com/assets/nophoto/book/50x75-a91bf249278a81aabab721ef782c4a74.png
ვამპირული ომები: პირველი ნადირობა,"Davies, Katie Ruth",3.85,https://i.gr-assets.com/images/S/compressed.photo.goodreads.com/books/1447246489l/27799694._SY75_.jpg
ტრაგედია უგმიროთ - მოთხრობები,"Lortkipanidze, Niko",4.50,https://i.gr-assets.com/images/S/compressed.photo.goodreads.com/books/1483530168l/24759257._SX50_.jpg
თავსაფრიანი დედაკაცი,"Lortkipanidze, Niko",4.18,https://i.gr-assets.com/images/S/compressed.photo.goodreads.com/books/1422610507l/24759157._SX50_.jpg
კლოუნის თვალთახედვა,"Böll, Heinrich",3.97,https://i.gr-assets.com/images/S/compressed.photo.goodreads.com/books/1377990336l/17410492._SX50_.jpg
ბალადა მოქნილ ტყვიაზე,"King, Stephen",3.64,https://i.gr-assets.com/images/S/compressed.photo.goodreads.com/books/1488557639l/34455693._SX50_.jpg
ყვავილები ელჯერნონისთვის,"Keyes, Daniel",4.17,https://i.gr-assets.com/images/S/compressed.photo.goodreads.com/books/1424972114l/25025844._SX50_.jpg
ბილი მილიგანის მრავალი გონება,"Keyes, Daniel",4.30,https://i.gr-assets.com/images/S/compressed.photo.goodreads.com/books/1449816273l/28171818._SX50_.jpg
ტანმოხატული კაცი,"Bradbury, Ray",4.12,https://i.gr-assets.com/images/S/compressed.photo.goodreads.com/books/1424971916l/25025821._SY75_.jpg
"After You
        (Me Before You, #2)","Moyes, Jojo",3.73,https://i.gr-assets.com/images/S/compressed.photo.goodreads.com/books/1539892322l/27774596._SY75_.jpg
პატარა მაწანწალა,"Greenwood, James",4.15,https://i.gr-assets.com/images/S/compressed.photo.goodreads.com/books/1421916434l/24636568._SX50_.jpg
მაწანწალა რასმუსი,"Lindgren, Astrid",4.15,https://i.gr-assets.com/images/S/compressed.photo.goodreads.com/books/1524554269l/30644489._SX50_.jpg
35 კილო იმედი,"Gavalda, Anna",3.81,https://i.gr-assets.com/images/S/compressed.photo.goodreads.com/books/1430200689l/25442289._SX50_.jpg
დისტოპიესები,"Lordkipanidze, Alexandre",4.27,https://i.gr-assets.com/images/S/compressed.photo.goodreads.com/books/1498217351l/35502154._SX50_.jpg
"დრო მიდის, კადრები კი რჩება","Gvazava, Luka",3.00,https://i.gr-assets.com/images/S/compressed.photo.goodreads.com/books/1566502140l/52300687._SX50_SY75_.jpg
სასაფლაოს წიგნი,"Gaiman, Neil",4.14,https://i.gr-assets.com/images/S/compressed.photo.goodreads.com/books/1479393913l/33001192._SY75_.jpg
ბერძნულ-რომაული მითები,"Mikeladze, Maka",3.67,https://i.gr-assets.com/images/S/compressed.photo.goodreads.com/books/1486375407l/34136443._SX50_.jpg
"ლომი, კუდიანი და გარდერობი
        (Chronicles of Narnia, #1)","Lewis, C.S.",4.23,https://i.gr-assets.com/images/S/compressed.photo.goodreads.com/books/1448740192l/28004128._SX50_.jpg
"ჯადოქრის დისწული (The Chronicles of Narnia
        (The Chronicles of Narnia (Publication Order) #6)","Lewis, C.S.",4.04,https://i.gr-assets.com/images/S/compressed.photo.goodreads.com/books/1444562227l/27126703._SY75_.jpg
"მაძიებელი - ჯადოქრის პირველი კანონი II
        (ჭეშმარიტების მახვილი #1 ნაწილი 1)","Goodkind, Terry",4.10,https://i.gr-assets.com/images/S/compressed.photo.goodreads.com/books/1472466757l/31699289._SY75_.jpg
"მაძიებელი - ჯადოქრის პირველი კანონი I
        (ჭეშმარიტების მახვილი #1 ნაწილი 1)","Goodkind, Terry",3.60,https://i.gr-assets.com/images/S/compressed.photo.goodreads.com/books/1468845120l/31144428._SX50_.jpg
ფალიაშვილის ქუჩის ძაღლები,"Morchiladze, Aka",4.04,https://i.gr-assets.com/images/S/compressed.photo.goodreads.com/books/1313205909l/10569216._SY75_.jpg
დრაკულა,"Stoker, Bram",4.01,https://i.gr-assets.com/images/S/compressed.photo.goodreads.com/books/1594966014l/29768569._SX50_.jpg
მექანიკური ფორთოხალი,"Burgess, Anthony",4.00,https://i.gr-assets.com/images/S/compressed.photo.goodreads.com/books/1374631946l/13452429._SX50_.jpg
"მე, შენამდე
        (Me Before You, #1)","Moyes, Jojo",4.26,https://i.gr-assets.com/images/S/compressed.photo.goodreads.com/books/1482686086l/30625052._SX50_.jpg
როჯერ ეკროიდის მკვლელობა,"Christie, Agatha",4.26,https://i.gr-assets.com/images/S/compressed.photo.goodreads.com/books/1466019965l/30628400._SX50_.jpg
ევროპული აღზრდა,"Gary, Romain",4.00,https://i.gr-assets.com/images/S/compressed.photo.goodreads.com/books/1484217173l/33842831._SY75_.jpg
ძილისპირული,"Palahniuk, Chuck",3.73,https://i.gr-assets.com/images/S/compressed.photo.goodreads.com/books/1455191402l/29070905._SY75_.jpg
"ყვავების ექვსეული
        (Six of Crows, #1)","Bardugo, Leigh",4.49,https://i.gr-assets.com/images/S/compressed.photo.goodreads.com/books/1614334667l/51333965._SX50_.jpg
წამებაი წმიდისა და ნეტარისა ჰაბოისი,"Sabanisdze, Ioane",3.18,https://i.gr-assets.com/images/S/compressed.photo.goodreads.com/books/1353244717l/16156257._SX50_.jpg
გრიგოლ ხანძთელის ცხოვრება,"Merchule, Giorgi",3.35,https://i.gr-assets.com/images/S/compressed.photo.goodreads.com/books/1446317345l/27401056._SX50_.jpg
შუშანიკის წამება,"Tsurtaveli, Iakob",3.56,https://i.gr-assets.com/images/S/compressed.photo.goodreads.com/books/1352381264l/16136432._SX50_.jpg
ურჩხული გიხმობს,"Ness, Patrick",4.34,https://i.gr-assets.com/images/S/compressed.photo.goodreads.com/books/1482403970l/33405361._SX50_.jpg
"ჰარი პოტერი და აზკაბანის ტყვე
        (Harry Potter, #3)","Rowling, J.K.",4.58,https://i.gr-assets.com/images/S/compressed.photo.goodreads.com/books/1404050197l/22601820._SX50_.jpg
"ჰარი პოტერი და საიდუმლო ოთახი
        (Harry Potter, #2)","Rowling, J.K.",4.43,https://i.gr-assets.com/images/S/compressed.photo.goodreads.com/books/1404048975l/22601758._SY75_.jpg
"Crown of Midnight
        (Throne of Glass, #2)","Maas, Sarah J.",4.36,https://i.gr-assets.com/images/S/compressed.photo.goodreads.com/books/1391580481l/17167166._SY75_.jpg
"Heir of Fire
        (Throne of Glass, #3)","Maas, Sarah J.",4.46,https://i.gr-assets.com/images/S/compressed.photo.goodreads.com/books/1460846511l/20613470._SY75_.jpg
ოქროს საწმისი,"Uspenskiy, Vsevolod",2.50,https://i.gr-assets.com/images/S/compressed.photo.goodreads.com/books/1440942678l/26192976._SY75_.jpg
ღმერთი სამსახურშია,"Gorgiladze, Dato",4.04,https://i.gr-assets.com/images/S/compressed.photo.goodreads.com/books/1536697282l/41808912._SY75_.jpg
ამ რომანში ყველა კვდება,"Adamaschwili, Beka",3.71,https://i.gr-assets.com/images/S/compressed.photo.goodreads.com/books/1545385461l/43303032._SY75_.jpg
ქალაქი წყალზე,"Benidze, Salome",4.22,https://i.gr-assets.com/images/S/compressed.photo.goodreads.com/books/1444551264l/27115133._SX50_.jpg
კუკარაჩა,"Dumbadze, Nodar",4.39,https://i.gr-assets.com/images/S/compressed.photo.goodreads.com/books/1407865107l/22908663._SX50_.jpg
ბესტსელერი,"Adamaschwili, Beka",4.08,https://i.gr-assets.com/images/S/compressed.photo.goodreads.com/books/1411558939l/23267356._SY75_.jpg
გოდოს მოლოდინში,"Beckett, Samuel",3.83,https://i.gr-assets.com/images/S/compressed.photo.goodreads.com/books/1420990870l/24442725._SX50_.jpg
სამი მეგობარი,"Remarque, Erich Maria",4.49,https://i.gr-assets.com/images/S/compressed.photo.goodreads.com/books/1385721422l/19040194._SX50_.jpg
სატახტოთა თამაში II,"Martin, George R.R.",4.46,https://i.gr-assets.com/images/S/compressed.photo.goodreads.com/books/1389205850l/20492779._SX50_.jpg
სატახტოთა თამაში I,"Martin, George R.R.",4.27,https://i.gr-assets.com/images/S/compressed.photo.goodreads.com/books/1357205195l/17205223._SX50_.jpg
მეფეთა ჯახი II,"Martin, George R.R.",4.40,https://i.gr-assets.com/images/S/compressed.photo.goodreads.com/books/1450432443l/28237486._SX50_.jpg
მეფეთა ჯახი I,"Martin, George R.R.",4.36,https://i.gr-assets.com/images/S/compressed.photo.goodreads.com/books/1449473255l/28115345._SX50_.jpg
"ბრძენკაცის შიში II
        (The Kingkiller Chronicle #2, Part 2)","Rothfuss, Patrick",4.50,https://i.gr-assets.com/images/S/compressed.photo.goodreads.com/books/1495817325l/35228838._SX50_.jpg
ბრძენკაცის შიში I,"Rothfuss, Patrick",4.53,https://i.gr-assets.com/images/S/compressed.photo.goodreads.com/books/1482685414l/33566131._SY75_.jpg
ქარის სახელი,"Rothfuss, Patrick",4.52,https://i.gr-assets.com/images/S/compressed.photo.goodreads.com/books/1464287618l/30296758._SX50_.jpg
მონტესუმას ასული,"Haggard, H. Rider",4.12,https://i.gr-assets.com/images/S/compressed.photo.goodreads.com/books/1452847433l/28567821._SX50_.jpg
დედის ოთახი,"Gelashvili, Naira",4.51,https://i.gr-assets.com/images/S/compressed.photo.goodreads.com/books/1377554739l/18377150._SX50_.jpg
ჰაკი აძბა,"Kiacheli, Leo",3.60,https://i.gr-assets.com/images/S/compressed.photo.goodreads.com/books/1620067157l/16068918._SY75_.jpg
ტყეების მეფე,"Turashvili, Dato",3.90,https://i.gr-assets.com/images/S/compressed.photo.goodreads.com/books/1377804169l/18397253._SX50_.jpg
გადამალვა,"Shugladze, Aleko",4.18,https://i.gr-assets.com/images/S/compressed.photo.goodreads.com/books/1463591575l/30228463._SX50_.jpg
სამხრეთული სპილო,"Kikodze, Archil",4.25,https://i.gr-assets.com/images/S/compressed.photo.goodreads.com/books/1484305708l/33849325._SX50_.jpg
ჯინსების თაობა,"Turashvili, Dato",3.81,https://i.gr-assets.com/images/S/compressed.photo.goodreads.com/books/1331124589l/13515608._SY75_.jpg
obOle,"Morchiladze, Aka",4.19,https://i.gr-assets.com/images/S/compressed.photo.goodreads.com/books/1331120094l/13515540._SX50_.jpg
მოგზაურობა ყარაბაღში,"Morchiladze, Aka",3.72,https://i.gr-assets.com/images/S/compressed.photo.goodreads.com/books/1334770146l/13455522._SY75_.jpg
ოთარაანთ ქვრივი,"Chavchavadze, Ilia",4.25,https://i.gr-assets.com/images/S/compressed.photo.goodreads.com/books/1343915784l/13562631._SX50_.jpg
სამანიშვილის დედინაცვალი,"Kldiashvili, David",3.80,https://i.gr-assets.com/images/S/compressed.photo.goodreads.com/books/1382789366l/15919676._SX50_.jpg
ქოსა გახუ,"Gamsakhurdia, Konstantine",4.25,https://i.gr-assets.com/images/S/compressed.photo.goodreads.com/books/1453902920l/28260797._SY75_.jpg
დიდოსტატის კონსტანტინეს მარჯვენა,"Gamsakhurdia, Konstantine",4.32,https://i.gr-assets.com/images/S/compressed.photo.goodreads.com/books/1386421153l/9754154._SX50_.jpg
ჯაყოს ხიზნები,"Javakhishvili, Mikheil",4.29,https://i.gr-assets.com/images/S/compressed.photo.goodreads.com/books/1332855416l/13562645._SY75_.jpg
ხევისბერი გოჩა,"Kazbegi, Alexander",3.87,https://i.gr-assets.com/images/S/compressed.photo.goodreads.com/books/1447951635l/2001566._SX50_.jpg
ვატერ(პო)ლოო ანუ აღდგენითი სამუშაოები,"Dochanashvili, Guram",4.40,https://i.gr-assets.com/images/S/compressed.photo.goodreads.com/books/1386527628l/15749494._SY75_.jpg
"კაცი, რომელსაც ლიტერატურა ძლიერ უყვარდა","Dochanashvili, Guram",4.59,https://i.gr-assets.com/images/S/compressed.photo.goodreads.com/books/1382789648l/13579508._SX50_.jpg
სამოსელი პირველი,"Dochanashvili, Guram",4.71,https://i.gr-assets.com/images/S/compressed.photo.goodreads.com/books/1315413252l/10569269._SX50_.jpg
"სიკვდილით განკურნება
        (The Maze Runner #3)","Dashner, James",3.78,https://i.gr-assets.com/images/S/compressed.photo.goodreads.com/books/1493498537l/35013039._SX50_.jpg
"ცეცხლით გამოცდა
        (The Maze Runner #2)","Dashner, James",3.90,https://i.gr-assets.com/images/S/compressed.photo.goodreads.com/books/1432814211l/25617550._SY75_.jpg
უთავო მხედარი,"Reid, Mayne Thomas",4.14,https://i.gr-assets.com/images/S/compressed.photo.goodreads.com/books/1441114596l/26205707._SX50_.jpg
განძის კუნძული,"Stevenson, Robert Louis",3.84,https://i.gr-assets.com/images/S/compressed.photo.goodreads.com/books/1505553320l/36249009._SX50_.jpg
Playlist-ის საიდუმლო,"Falkoff, Michelle",3.33,https://i.gr-assets.com/images/S/compressed.photo.goodreads.com/books/1455830146l/29220306._SX50_.jpg
შავი ვარდი,"Iasagashvili, Aleksandre",3.44,https://i.gr-assets.com/images/S/compressed.photo.goodreads.com/books/1410514102l/23204169._SX50_.jpg
თეთრი ბაირაღები,"Dumbadze, Nodar",4.45,https://i.gr-assets.com/images/S/compressed.photo.goodreads.com/books/1447873955l/16299929._SX50_.jpg
სურამის ციხე,"Chonkadze, Daniel",3.67,https://i.gr-assets.com/images/S/compressed.photo.goodreads.com/books/1424687623l/25000759._SX50_.jpg
მგელი,Goderdzi Chokheli,4.39,https://i.gr-assets.com/images/S/compressed.photo.goodreads.com/books/1328257557l/13450640._SX50_.jpg
ქაღალდის ქალაქები,"Green, John",3.74,https://i.gr-assets.com/images/S/compressed.photo.goodreads.com/books/1498070079l/35492481._SX50_.jpg
იყალთოელი ბიჭები,"Mrelashvili, Lado",4.22,https://i.gr-assets.com/images/S/compressed.photo.goodreads.com/books/1415712072l/23528247._SX50_.jpg
"თუ დავრჩები
        (თუ დავრჩები, #1)","Forman, Gayle",3.93,https://i.gr-assets.com/images/S/compressed.photo.goodreads.com/books/1513780698l/28456104._SX50_.jpg
ბაში-აჩუკი,"Tsereteli, Akaki",3.60,https://i.gr-assets.com/images/S/compressed.photo.goodreads.com/books/1420920733l/24426067._SX50_.jpg
"ნუ გეშინია, დედა!","Dumbadze, Nodar",4.38,https://i.gr-assets.com/images/S/compressed.photo.goodreads.com/books/1410800233l/23207482._SX50_.jpg
ალქიმიკოსი,"Coelho, Paulo",3.90,https://i.gr-assets.com/images/S/compressed.photo.goodreads.com/books/1393676722l/20939791._SX50_.jpg
აღიარება ხელისგულზე,"Ghvinianidze, Tatuli",3.16,https://i.gr-assets.com/images/S/compressed.photo.goodreads.com/books/1518550181l/38525025._SX50_.jpg
ფორესტ გამპი,"Groom, Winston",4.04,https://i.gr-assets.com/images/S/compressed.photo.goodreads.com/books/1396958763l/21858485._SY75_.jpg
"უკანასკნელი იმპერია
        (ნისლქმნილი, #1)","Sanderson, Brandon",4.46,https://i.gr-assets.com/images/S/compressed.photo.goodreads.com/books/1504080294l/36149270._SX50_.jpg
ნარცისი და გოლდმუნდი,"Hesse, Hermann",4.21,https://i.gr-assets.com/images/S/compressed.photo.goodreads.com/books/1308772525l/11805848._SX50_.jpg
ფრანით მორბენალი,"Hosseini, Khaled",4.32,https://i.gr-assets.com/images/S/compressed.photo.goodreads.com/books/1447224446l/27798115._SX50_.jpg
"კოსმოსური ოდისეა 2001
        (Space Odyssey, #1)","Clarke, Arthur C.",4.16,https://i.gr-assets.com/images/S/compressed.photo.goodreads.com/books/1429994253l/25427094._SX50_.jpg
კოლექციონერი,"Fowles, John",3.99,https://i.gr-assets.com/images/S/compressed.photo.goodreads.com/books/1361802061l/17415601._SX50_.jpg
სასაკლაო 5,"Vonnegut Jr., Kurt",4.09,https://i.gr-assets.com/images/S/compressed.photo.goodreads.com/books/1446042823l/27331131._SX50_.jpg
Thirteen Reasons Why,"Asher, Jay",3.87,https://i.gr-assets.com/images/S/compressed.photo.goodreads.com/books/1333822506l/1217100._SX50_.jpg
...გუგულის ბუდეზე სხვა გადაფრინდა,"Kesey, Ken",4.20,https://i.gr-assets.com/images/S/compressed.photo.goodreads.com/books/1370874701l/18052787._SY75_.jpg
Batman: The Killing Joke,"Moore, Alan",4.37,https://i.gr-assets.com/images/S/compressed.photo.goodreads.com/books/1346331835l/96358._SX50_.jpg
მგლის ბილიკი,"Iasagashvili, Aleksandre",4.00,https://i.gr-assets.com/images/S/compressed.photo.goodreads.com/books/1380771102l/18622654._SX50_.jpg
მრისხანე ბატონი,"Lortkipanidze, Niko",4.18,https://i.gr-assets.com/images/S/compressed.photo.goodreads.com/books/1385721137l/16093562._SX50_.jpg
Extremely Loud & Incredibly Close,"Foer, Jonathan Safran ",3.97,https://i.gr-assets.com/images/S/compressed.photo.goodreads.com/books/1327879967l/4588._SY75_.jpg
თეთრი საყელო,"Javakhishvili, Mikheil",4.29,https://i.gr-assets.com/images/S/compressed.photo.goodreads.com/books/1348415082l/16042192._SX50_.jpg
კურდღელი,"Javakhishvili, Mikheil",4.37,https://i.gr-assets.com/images/S/compressed.photo.goodreads.com/books/1440142953l/26138642._SX50_.jpg
გლახის ნაამბობი,"Chavchavadze, Ilia",4.21,https://s.gr-assets.com/assets/nophoto/book/50x75-a91bf249278a81aabab721ef782c4a74.png
კორალაინი,"Gaiman, Neil",4.08,https://i.gr-assets.com/images/S/compressed.photo.goodreads.com/books/1401366492l/22370081._SY75_.jpg
"ბეჭდის საძმო
        (ბეჭდების მბრძანებელი #1)","Tolkien, J.R.R.",4.38,https://i.gr-assets.com/images/S/compressed.photo.goodreads.com/books/1514019672l/15734304._SY75_.jpg
მზიანი ღამე,"Dumbadze, Nodar",4.30,https://i.gr-assets.com/images/S/compressed.photo.goodreads.com/books/1448380346l/20632057._SX50_.jpg
ჰობიტი,"Tolkien, J.R.R.",4.28,https://i.gr-assets.com/images/S/compressed.photo.goodreads.com/books/1352540304l/16139801._SY75_.jpg
"ინფერნო
        (Robert Langdon, #4)","Brown, Dan",3.87,https://i.gr-assets.com/images/S/compressed.photo.goodreads.com/books/1452069142l/28461942._SX50_.jpg
და ვინჩის კოდი,"Brown, Dan",3.89,https://i.gr-assets.com/images/S/compressed.photo.goodreads.com/books/1502717053l/36039101._SX50_.jpg
მებრძოლთა კლუბი,"Palahniuk, Chuck",4.19,https://i.gr-assets.com/images/S/compressed.photo.goodreads.com/books/1372151628l/18129238._SX50_.jpg
ფანტასტიკური ღამე,"Zweig, Stefan",3.97,https://i.gr-assets.com/images/S/compressed.photo.goodreads.com/books/1496944388l/35389976._SX50_.jpg
მაკულატურა,"Bukowski, Charles",3.67,https://i.gr-assets.com/images/S/compressed.photo.goodreads.com/books/1413025285l/23354401._SY75_.jpg
უბიკი,"Dick, Philip K.",4.09,https://i.gr-assets.com/images/S/compressed.photo.goodreads.com/books/1456666098l/29357765._SX50_.jpg
ოცნებობენ ანდროიდები ელექტრონულ ცხვრებზე?,"Dick, Philip K.",4.09,https://i.gr-assets.com/images/S/compressed.photo.goodreads.com/books/1558078003l/26157297._SX50_.jpg
ლამაზი მეგობარი,"Maupassant, Guy de",3.85,https://i.gr-assets.com/images/S/compressed.photo.goodreads.com/books/1466179017l/30638771._SX50_.jpg
ბედუინი,ნეფერტარი,4.23,https://i.gr-assets.com/images/S/compressed.photo.goodreads.com/books/1543837138l/43086513._SX50_.jpg
შენი ცხოვრების ამბები,"Chiang, Ted",4.25,https://i.gr-assets.com/images/S/compressed.photo.goodreads.com/books/1546010965l/43381690._SY75_.jpg
ძნელია ღმერთობა,"Strugatsky, Arkady",4.17,https://i.gr-assets.com/images/S/compressed.photo.goodreads.com/books/1424971568l/25025783._SX50_.jpg
პიკნიკი გზის პირას,"Strugatsky, Arkady",4.16,https://i.gr-assets.com/images/S/compressed.photo.goodreads.com/books/1495114400l/35166245._SY75_.jpg
ქარიშხლიანი უღელტეხილი,"Brontë, Emily",3.88,https://i.gr-assets.com/images/S/compressed.photo.goodreads.com/books/1352378649l/16136376._SX50_.jpg
ზებულონი,"Karchkhadze, Jemal",4.70,https://i.gr-assets.com/images/S/compressed.photo.goodreads.com/books/1315208406l/12472556._SY75_.jpg
იგი,"Karchkhadze, Jemal",4.63,https://i.gr-assets.com/images/S/compressed.photo.goodreads.com/books/1373382112l/18172134._SY75_.jpg
ანტონიო და დავითი,"Karchkhadze, Jemal",4.52,https://i.gr-assets.com/images/S/compressed.photo.goodreads.com/books/1446795810l/14759213._SX50_.jpg
ტრამალის მგელი,"Hesse, Hermann",4.13,https://i.gr-assets.com/images/S/compressed.photo.goodreads.com/books/1374798545l/18190467._SY75_.jpg
The Catcher in the Rye,"Salinger, J.D.",3.81,https://i.gr-assets.com/images/S/compressed.photo.goodreads.com/books/1398034300l/5107._SY75_.jpg
David Copperfield,"Dickens, Charles",4.01,https://i.gr-assets.com/images/S/compressed.photo.goodreads.com/books/1461452762l/58696._SY75_.jpg
ძაღლის გული,"Bulgakov, Mikhail",4.12,https://i.gr-assets.com/images/S/compressed.photo.goodreads.com/books/1411730897l/23273125._SX50_.jpg
Fahrenheit 451,"Bradbury, Ray",3.98,https://i.gr-assets.com/images/S/compressed.photo.goodreads.com/books/1469704347l/17470674._SX50_.jpg
გოგონა მატარებელში,"Hawkins, Paula",3.95,https://i.gr-assets.com/images/S/compressed.photo.goodreads.com/books/1558079122l/28462125._SX50_.jpg
მშვიდი ცურვა,"Charkviani, Irakli",4.33,https://i.gr-assets.com/images/S/compressed.photo.goodreads.com/books/1314290622l/12434962._SY75_.jpg
დაშლა,"Gabunia, Davit",3.98,https://i.gr-assets.com/images/S/compressed.photo.goodreads.com/books/1496136166l/35266326._SX50_.jpg
საღეჭი განთიადები: Sugar Free,"Jishkariani, Zura",4.16,https://i.gr-assets.com/images/S/compressed.photo.goodreads.com/books/1515609277l/37905466._SX50_.jpg
ოდინის შვილები,"Colum, Padraic",3.99,https://i.gr-assets.com/images/S/compressed.photo.goodreads.com/books/1522844191l/39716478._SX50_.jpg
Hellados,"Dumbadze, Nodar",4.53,https://i.gr-assets.com/images/S/compressed.photo.goodreads.com/books/1286770990l/9487794._SY75_.jpg
მგზავრის წერილები,"Chavchavadze, Ilia",4.22,https://i.gr-assets.com/images/S/compressed.photo.goodreads.com/books/1332853982l/13562624._SX50_.jpg
კაცია-ადამიანი?!,"Chavchavadze, Ilia",4.37,https://i.gr-assets.com/images/S/compressed.photo.goodreads.com/books/1331123254l/13515584._SY75_.jpg
"ამბრნი, უმბრნი და არაბნი...","Gelashvili, Naira",3.89,https://i.gr-assets.com/images/S/compressed.photo.goodreads.com/books/1546333262l/18274515._SX50_.jpg
მოუთმენლობა გულისა,"Zweig, Stefan",4.22,https://i.gr-assets.com/images/S/compressed.photo.goodreads.com/books/1359043729l/17282733._SX50_.jpg
თბილისს ვტოვებ ალიონზე,"Suluashvili, Kakha",3.82,https://i.gr-assets.com/images/S/compressed.photo.goodreads.com/books/1481361713l/28430112._SX50_.jpg
"In Search of the Castaways; or the Children of Captain Grant
        (Extraordinary Voyages, #5)","Verne, Jules",4.09,https://i.gr-assets.com/images/S/compressed.photo.goodreads.com/books/1173281581l/267071._SX50_.jpg
Martin İden,"London, Jack",4.46,https://i.gr-assets.com/images/S/compressed.photo.goodreads.com/books/1462914629l/30164234._SX50_.jpg
White Fang,"London, Jack",4.00,https://i.gr-assets.com/images/S/compressed.photo.goodreads.com/books/1475878443l/43035._SX50_.jpg
80000 კილომეტრი წყალქვეშ,"Verne, Jules",3.89,https://i.gr-assets.com/images/S/compressed.photo.goodreads.com/books/1451468332l/17201522._SX50_.jpg
The Lovely Bones,"Sebold, Alice",3.83,https://i.gr-assets.com/images/S/compressed.photo.goodreads.com/books/1457810586l/12232938._SY75_.jpg
"The Golden Compass
        (His Dark Materials, #1)","Pullman, Philip",4.01,https://i.gr-assets.com/images/S/compressed.photo.goodreads.com/books/1505766203l/119322._SX50_.jpg
The Diary of a Young Girl,"Frank, Anne",4.17,https://i.gr-assets.com/images/S/compressed.photo.goodreads.com/books/1560816565l/48855._SY75_.jpg
The Adventures of Tom Sawyer,"Twain, Mark",3.92,https://i.gr-assets.com/images/S/compressed.photo.goodreads.com/books/1404811979l/24583._SY75_.jpg
The Little Prince,"Saint-Exupéry, Antoine de",4.32,https://i.gr-assets.com/images/S/compressed.photo.goodreads.com/books/1367545443l/157993._SY75_.jpg
The Martian,"Weir, Andy",4.41,https://i.gr-assets.com/images/S/compressed.photo.goodreads.com/books/1413706054l/18007564._SY75_.jpg
"Delirium
        (Delirium, #1)","Oliver, Lauren",3.96,https://i.gr-assets.com/images/S/compressed.photo.goodreads.com/books/1327890411l/11614718._SX50_.jpg
"The Maze Runner
        (The Maze Runner, #1)","Dashner, James",4.04,https://i.gr-assets.com/images/S/compressed.photo.goodreads.com/books/1375596592l/6186357._SY75_.jpg
"Harry Potter and the Sorcerer's Stone
        (Harry Potter, #1)","Rowling, J.K.",4.48,https://i.gr-assets.com/images/S/compressed.photo.goodreads.com/books/1474154022l/3._SY75_.jpg
"Twilight
        (The Twilight Saga, #1)","Meyer, Stephenie",3.63,https://i.gr-assets.com/images/S/compressed.photo.goodreads.com/books/1361039443l/41865._SY75_.jpg
"The Hunger Games
        (The Hunger Games, #1)","Collins, Suzanne",4.32,https://i.gr-assets.com/images/S/compressed.photo.goodreads.com/books/1586722975l/2767052._SY75_.jpg
